MOTU,ASV_SeqID,Sequence,TotalReads,PercentofTotalReads,RarifiedReads,PrecentofRarifiedReads,Species match 1,Species match 2,Species match 3,Mitotype Sex,PID,PQC,e-value,Explanation for species assignment,Notes
MOTU01,bff7a154b8cef3a6d03481871af950c3,CTTCTATTTGGTCCTTAGATAGTTTTGTATATTTTGTGGAATAGATCGGAAGTTTGGTTGGTTCCGAGATTGCCCCAATCAAACCTTTTGTTTTTAGTGTTTCTGAGCATGTGGAGACTGAAAAGGTAAAGTTCC,2391634,38.381,286305,40.638,Amblema plicata,Amblema perplicata,–,FEMALE,100.00,100.00,2E-69,Amblema plicata is known to be in the sample region and was surveyed with the conventional survey.,
MOTU02,fce0e562d0d3e38284b5fa003a734acf,CTTCTTTTTAGTCCTTATTGAGTTTTATATACTTTTATGTCGGTAAGTCGGAAGTTTGGGTGGTTCCGAGATTGCCCCAATCAAACCTTTTGTTTTTAGTGTTTCTGAGCATGTGGAGACTGAAAAGGTAAAGTTCC,997528,16.008,114329,16.228,Actinonaias ligamentina,–,–,FEMALE,97.83,100.00,2E-65,,
MOTU03,b54f45c17e90fccf9661e6dc275ff179,CTTCTTTTTGGTCCTTAATAAGTTTTAGATAAGCTTATTCGAGAGATTGGAAGTTTTGCTTATTCCAAGATTGCCCCAATCAAACTTTGAGTATTTAGGGTTGGTATATGATAAGTACAAGATAAAGTAAAGCTCC,526949,8.456,58710,8.333,Lasmigona complanata,–,–,FEMALE,100.00,100.00,6E-70,,
MOTU04,7aa26fbdb86cc18993a4657c1e3427e3,CTTCTTTTTAGTCCTTAATAAGTTTTAAATAGGCTTATTCGAGAGATTGGAAGTTTTGTTGGTTCCAAGATTGCCCCAATCAAACCTTGAGTGCTTAGAATTGGTGTATGATAGCACAAGAGAAGGTAAAGTTCC,423035,6.789,50900,7.225,Lasmigona costata,–,–,FEMALE,100.00,100.00,2E-69,,
MOTU05,7850acec74fd4667d8f95ed36991ec26,CTTCTTTTTGGTCCTTAATAAATTTTAAATAGATTTCTTTAAGTGTTGGAAGCTTTGTTGGTTCCAAGATTGCCCCAATCAAACCTTGAATACTTAAAGTTAATACACAATAGTAATAAGAAAAGGTAAAGCTCC,287801,4.619,16535,2.347,Lasmigona compressa,–,–,FEMALE,100.00,100.00,2E-69,,
MOTU06,499ddb0605b06efd2cdbe36c4b060bb4,CTTCTTTTTGGTCCTTATTAAGTTTTTTATATTTTTTGTTATTAGTCGGAAGTTTGGGTGGTTCCGAGATTGCCCCAATCAAACCTTTTGTTCTTGTGTTTCTGAGCATGTGGAGACTGGAAAAGGTAAAGTTCC,199482,3.201,20958,2.975,Lampsilis cardium,Lampsilis satura,–,FEMALE,97.04,100.00,1E-62,Lampsilis cardium is known to be in the sample region and was surveyed with the conventional survey.,
MOTU09,03601414dbbe5ccec6ccb1ae3c77a223,CTTCTTTTTTGTCCTTATCAGGTTATGGATATTTATTTAAGGAGAATCGGAAGCTTGGTTGTTCCGAGATTGCCCCAATCAAACCTTTTGTCTTTTGTGTTTGTGGGCAGCTAAGGCTGGAAAAGGTAAAGTTCC,114744,1.841,12306,1.747,Pleurobema sintoxia,–,–,FEMALE,100.00,100.00,2E-69,,
MOTU08,c0f010ddccf6ae4327b6670c1d40b915,CTTCTTTCTTGTCTTCATTGAATTTTATATATTCTTTTAATAAATTGGAAGCTTTGTTGGTTCCAAGATTGCCCCAATCAAACCTTTCATTTATTGTGCTTGCTGGGCATTGAATTGGATAAGGTAAAGTTCC,110555,1.774,13438,1.907,Tritogonia verrucosa,–,–,FEMALE,99.25,100.00,3E-67,,
MOTU12,5858430a62fb788212238d62deb3a8db,CTTCTTTTTGGTCCTTATTGAATTTTGTATGTTTTTATATTACGAGTCGGAAGTTTGGGCGGTTCCGAGATTGCCCCAATCAAACCTTTTGTTCTAATGTTTCTGAGCATATGGATACCGGAAAAGGTAAAGTTCC,107152,1.720,12504,1.775,Lampsilis fasciola,–,–,FEMALE,100.00,100.00,6E-70,,
MOTU21,d4f88d2f00b2727644a975cfaa9dba98,CTTCTTTTTTGCCTTTATTGAATTCTATATGTTTTTATAAGTAAGTTGGAAGCTTTGTTGATTCCAAGATTGCCCCAATCAAACCTTTCATCTATTGTGCTTATTGGGCATTGAACTGGATAAGGTAAAGTTCC,104717,1.680,10311,1.464,Cyclonaias pustulosa,–,–,FEMALE,100.00,100.00,7E-69,,
MOTU14,6f01650a35f0938ebbf023dba34e582d,CTTCTTTTATGTCTTTATTGAATTCTATATGTTTTTATAAGAGAGTTGGAAGCTTTGTTGGTTCCAAGATTGCCCCAATCAAACCTTTCATCTATTGTGCTTACTGGGCATTGAATTGGACAAGGTAAAGTTCC,71772,1.152,6321,0.897,Cyclonaias tuberculata,–,–,FEMALE,100.00,100.00,7E-69,,
MOTU13,9ae2b84e6ad7c7cdd0ab0c064e2f94b4,CTTCTTTTTTGTCCTTATCGGGTTATGGATGTTTACTTAAGTAGAATCGGAAGCTTGGTTGTTCCGAGATTGCCCCAATCAAACCTTTTGCCTTTTGTGTTTGTGGGCAGCTAGGGCTGGAAAAGGTAAAGTTCC,67828,1.089,8509,1.208,Fusconaia flava,–,–,FEMALE,100.00,100.00,2E-69,,
MOTU23,e629fe3a3c9de67f455a479291093e74,CTTCTTTTTTGTCCTTATCTGGTTATGGATACTTATTTAAGGGAGATCGGAAGCTTGGTTGTTCCGAGATTGCCCCAATCAAACCTTTTGTCTTTTATGTTTGTGGGCAGTTAAGGCTTGAAAAGGTAAAGTTCC,59289,0.951,4976,0.706,Plethobasus cyphyus,–,–,FEMALE,99.26,100.00,1E-67,,
MOTU16,4497ad1193c164b0f58555dc3080387d,CTTCTTTTTGGTCCTTATCAAGTTTTATATGCTTATTTCTTATGAGTCGGAAGTTTTGGTGGTTCCGAGATTGCCCCAATCAAACCTTTTGTTCTTATGTTTCTGAGCATGTGGAGACTGGAAAAGGTAAAGTTCC,55537,0.891,6785,0.963,Lampsilis siliquoidea,Lampsilis radiata,Lampsilis powelli,FEMALE,100.00,100.00,6E-70,Lampsilis siliquoidea is known to be in the sample region and was surveyed with the conventional survey.,
MOTU17,a7ca96b149b5a7289364b68ec613210e,CTTCTTTTTTGTCCTTATTGAATTTTGTATGTTTTCTGGAAGAAGTTGGAAGCTTTGTTGGTTCCAAGATTGCCCCAATCAAACCTTTCATCTATTGTGCTTGCTGGGCATTGAATTGGAAAAGGTAAAGTTCC,49719,0.798,6000,0.852,Theliderma cylindrica,–,–,FEMALE,100.00,100.00,7E-69,,
MOTU26,cf8adda20eb0cc3d1456ecc97bf94769,CTTCTTTTTAGTCCTTATTGAGTTTTATATACTTTTATGTTGGTAAGTCGGAAGTTTGGGTGGTTCCGAGATTGCCCCAATCAAACCTTTTGTTTTTGTGTTTCTAAGCATGTGAAGACTGGAAAAGGTAAAGTTCC,26604,0.427,2893,0.411,Actinonaias ligamentina,–,–,FEMALE,97.08,100.00,8E-64,,"Probable sequence error or chimera formation from MOTU2, removed from dataset for analysis"
MOTU24,da8e3243f8764d485408fde7ea62fc0d,CTTCTTTTTGGTCCTTATTAAATTTTTGATAGTTTTTTAAGAAATTGGAAGCTTTGTTGGTTCCAAGATTGCCCCAATCAAACCTTAAAGCTTTATGGATGAATATATAATAATGCAAGAAAAGGTAAAGTTCC,25739,0.413,3221,0.457,Strophitus undulatus,–,–,FEMALE,100.00,100.00,7E-69,,
MOTU27,9257dfdff00208c0b932a7803d5713bd,CTTCTGTTTTTGTCCTTATCGGGTTATGGATGCTTATTTGAGAAGGATCGGAAGCTTGGTTGTTCCGAGATTGCCCCAATCAAACCTTTCGTCTTTTGTGTTTGTGGGCAGCTAAGGCTGGAAAAGGTAAAGTTCC,12377,0.199,840,0.119,Eurynia dilatata,–,–,FEMALE,98.53,100.00,5E-66,,
MOTU29,8525d34ad96bc291f3a101b2724f64fe,CTTCTTTTTGGTCCTTATTAAGTTTTATATATTTTTGTGTTGTAAGTCGGAAGTTTGGGTGGTTCCGAGATTGCCCCAATCAAACCTTTTGTTTTTGATGTTTATGAGCATGTGGAGACTAGAAAAGGTAAAGTTCC,8396,0.135,1220,0.173,Ligumia recta,–,–,FEMALE,99.27,100.00,8E-69,,
MOTU34,abbccc690f3e2818836109f27487688c,CTTCTTTTTGGTCCTTATCAAATTCTAAATAAGTTTTAGCTAAGAAATTGGAAGTTTTGCTGGTTCCAAGATTGCCCCAATCAAACCTTATATACATTGGGGTGAGTACACGGTTGTATACGAAAAGGTAAAGTTCC,6004,0.096,756,0.107,Utterbackia imbecillis,–,–,FEMALE,99.27,100.00,8E-69,,
MOTU28,562f9811a515d94901f70f5771a155b5,CTTCTTTTTGGTCCTTAGTAAATTTTTAATAGGTTTTTCTAAGAACTGGAAGCTTTGTTGGTTCCAAGATTGCCCCAATCAAACCTTGAGTATTTAGGGTGAGTACACATTAATACAAGAAAGGTAAAGCTCC,4699,0.075,521,0.074,Pyganodon cataracta,Pyganodon fragilis,–,FEMALE,87.41,100.00,6E-40,,"Low confidence in percent idenitity, removed from dataset for analysis"
MOTU41,041b6cfd78fa9b578962e44984faa6b0,CTTCTTTTTGGTCCTTAGTAAATTTTAAATAAATTTTTTTAAGTATTGGAAGCTTTGTTGATTCCAAGATTGCCCCAATCAAACCTTGTATACTTACAGTGAGTACACGATCGTATAAGAAAAGGTAAAGTTCC,1246,0.020,270,0.038,Pyganodon sp.,–,–,FEMALE,99.25,100.00,3E-67,Pyganodon sp. 2,
MOTU39,4384c69ebc78cb3ba490a02e4e880331,CTTCTTTTTGGTCCTTAGTAAATTTTAAATAAATTTTTATAGGAATTGGAAGCTTTGTTGATTCCAAGATTGCCCCAATCAAACCTTATACACTTAGGGTGAATACACAATTGTAGAAGAGAAGGTAAAGTTCC,966,0.016,241,0.034,Pyganodon grandis,–,–,FEMALE,99.25,100.00,3E-67,,
MOTU38,ba2ef410dba16236c725be64bc23d474,CTTCTTTTATGTCTTTATTGAATTTTATATATTTTTATAAGAGAGTTGGAAGCTTTGTTGGTTCCAAGATTGCCCCAATCAAACCTTTTATTTATTGTGCTTACTGGGCATTGAACTGGATAAGGTAAAGTTCC,962,0.015,39,0.006,Cyclonaias tuberculata,–,–,FEMALE,95.52,100.00,7E-59,,"Probable sequence error or chimera formation from MOTU14, removed from dataset for analysis"
MOTU40,d5dd1bd1d848b214980611383c959bde,CTTCTTTTTAGTCCTTAGTGAATTTTATATAGGATTTTGTTAAAATCGGAAGCTTTATTGGTTCCGAGATTGCCCCAATCAAACCTTGAGTACCCTTAAGTGTATAAACATAGGTACAGGAAAAGGTAAAGTTCC,765,0.012,345,0.049,Anodonta nuttalliana,–,–,FEMALE,100.00,100.00,2E-69,,Removed from dataset due to lab contamination
MOTU42,8097b73e1f9814b3b75d3b33ff703494,CTTCTTTTTGGCCCTTATCAAGTTTTGTATACTTTTGGTAAAAAGTCGGAAGTTTGGGTGGTTCCGAGATTGCCCCAATCAAACCTTTATGTTTTTATGTTTTGAGCATATAAAGACTAGAAAAGGTAAAGTTCC,427,0.007,195,0.028,Leptodea fragilis,–,–,FEMALE,100.00,100.00,2E-69,,
MOTU43,617dfdd5cefeb7f0ee000b270a6ce5d7,CTTCTTTTTGGTCCTTATTAAGTTTTTTATATTTATTATATTATGAATCGGAAGTTTAGGTGGTTCCGAGATTGCCCCAATCAAACCTTTTGTTTTTAGTGTTTCTGAGCATGTGGAGACTGAAAAGGTAAAGTTCC,423,0.007,80,0.011,Villosa iris,–,–,FEMALE,97.83,100.00,2E-65,,
MOTU44,6fdf3abcc292d0de68b5a830ecdf39ca,CTTCTTTTTGGTCCTTAGTAAATTTTAAATAAATTTTTTTAGGTATTGGAAGCTTTGCTGGTTCCAAGATTGCCCCAATCAAACCTTGAATACTTAGAGTGAGTACACGATTGTAGAAGAAAAGGTAAAGTTCC,230,0.004,10,0.001,Pyganodon cataracta,Pyganodon fragilis,–,FEMALE,100.00,100.00,7E-69,Pyganodon sp. 1,
MOTU45,8e05cc95fc0fb208579c8d32852a604e,CTTCTTTTTGGTCCGTATCAAGTTATATATACATATTTTGGTGATAGGTCGGAAGTTTGGGTGGTTCCGAGATTGCCCCAATCAAACCTTTTGTTTTTAGTGTTTCTGAGCATGTGGAGACTGAAAAGGTAAAGTTCC,152,0.002,5,0.001,Potamilus alatus,Potamilus purpuratus,–,FEMALE,97.84,100.00,5E-66,Potamilus alatus is known to be in the Walhonding River,
MOTU46,e68e1f4663ccf9431e1a55c1279f8e45,CTTCTCTTTGGTCCTTATTGATTTTTGTATGTTTTTAAATGGTGAATCAGAAGTTTAGTTGGTTCCGAGATTGCCCCAATCAAACCTTTCGTTTTTGTGTTTCTAAGCATGTAGAGACTGGAAAAGGTAAAGTTCC,98,0.002,10,0.001,Truncilla truncata,–,–,FEMALE,90.58,100.00,3E-48,,"Low confidence in percent idenitity, removed from dataset for analysis"
MOTU47,1cba2149e62fc41918cad05f2fca4f11,CTTCTTTTTAGTCCTTATTGAGTTTTATATACTTTTATGTCGGTAAATCGGAAGTTTGGGTGGTTCCGAGATTGCCCCAATCAAACCTTTTGTTTTTGTGTTTCTGAGCATGTGGAGACCGGAAGAGGTAAAGTTCC,36,0.001,3,0.000,Actinonaias ligamentina,–,–,FEMALE,97.08,100.00,8E-64,,"Probable sequence error or chimera formation from MOTU2, removed from dataset for analysis"
MOTU07,286d0bc22cac41a91b56db5263295e7e,CTACAAATGTAGTCCATATAAAGTTTTGTATGGAATTTTTTAGTCAATGGAGGTTTGTTTTGCTCCAAGGTTGCCCCAACCAACCAGTTAGCCTTAAGCAAAAGTTTTATCTATGTAATAAAGCTTTAAGGAAGTTCC,112901,1.812,8659,1.229,Lasmigona costata,–,–,MALE,92.54,97.00,5E-45,,Only female mitotype MOTUs were used in community analysis
MOTU10,5f26c67b10ddb17f2633086bcfba322b,CTGCGATTGTGGTCCGTATCAAGTTTTATATAGTTTACTGTATAAGTTGGAAGTTGAAGTTGTTCCATGGTTGCCCCAACCAACCTGGCTAGCTTTAATATTCTGTATATGGAGGTAAAGTTCAGGAAGTTCC,88080,1.414,11431,1.623,Lampsilis siliquoidea,Lampsilis radiata,–,MALE,95.56,100.00,7E-59,,Only female mitotype MOTUs were used in community analysis
MOTU11,82f4471574f60a6d725a7d765eb095bc,CTGCTTTTATAGTCTACATTAAATTTTGTATGGTGATTAGCGTGTGCTTGTGGAGGTTGGTTTTGCTCCAGGGTTGCCCCAACCGACCTGGGTGGTTGTCTAGTTGTGTTATGCAACTATGGTGATACAGGGAGTTCC,72430,1.162,9028,1.281,Quadrula quadrula,–,–,MALE,86.33,100.00,2E-39,,Only female mitotype MOTUs were used in community analysis
MOTU15,9ac7bb7567640887d719a63b7cbd77e4,CTGCGATTGTGGTCCGTATCAAGTTTTGCATAGGTTACTGTGAAAGTTGGAAGTTGAAGTTGTTCCATGGTTGCCCCAACCAACCTGATTGACTTTATATTCTGTGTTTAGGAAGTAAAGGTTCAGGAAGTTCC,65197,1.046,7465,1.060,Lampsilis siliquoidea,Lampsilis powellii,Lampsilis radiata,MALE,89.63,100.00,2E-45,,Only female mitotype MOTUs were used in community analysis
MOTU20,1e4c08a019358fbea4b9ff3f06a9a6db,CTATGATTGTGGTCCACACTAAGTTTTTTATGTGGTTTTTATGTATGTTGGAGGTTGGTTTTGCTCCAAGGTTGCCCCAACCAACTTGAGGTGTCTTGTTTAATTGTTTTATGCAAAAATAAAGGTTCAAGGAGTTCC,59156,0.949,5557,0.789,Fusconaia flava,–,–,MALE,99.28,100.00,8E-69,,Only female mitotype MOTUs were used in community analysis
MOTU18,bc31bce92ee4f95053528727c7da5afc,CTGCTTTTATGGTCCATATCAAGTTTTATATGATAATTAGTTTTTGCTGTGGAGGTTGGTTTTGCTCCAGGGTTGCCCCAACCGACCTGGTTGGCTGTTTAGTTGTGTGTGCAACTATAATGGTACAGGGAGTTCC,49975,0.802,6385,0.906,Quadrula quadrula,–,–,MALE,90.65,100.00,8E-49,,Only female mitotype MOTUs were used in community analysis
MOTU19,75382026390f3a13055cd208cd3425eb,CTATAATTGTGGTCCATATTGAGTTTTTTATATGGTTTAGTATATGTTGGAGGTTAGTTTTGCTCCAAGGTTGCCCCAACCAACTTGAAGTGGCTTGTTTAATTGTTTTATGCAAAAATAAAGGTACAAGGAGTTCC,41193,0.661,7121,1.011,Fusconaia flava,–,–,MALE,91.24,100.00,2E-50,,Only female mitotype MOTUs were used in community analysis
MOTU22,b7c1ce4c48ffe463e334b2b115778971,CTGCTTTTGTGGTCCACATTAAGTTTTTTATGGTGCTTAGTTTTGTTTTTGGAGGCTGGTTTTGCTCCAGGGTTGCCCCAACCGACCTGGGTGGTTGTCTAGTTGTGTTATGCAACTATGATGCTACAGGGAGTTCC,36957,0.593,3346,0.475,Quadrula quadrula,–,–,MALE,86.33,100.00,2E-39,,Only female mitotype MOTUs were used in community analysis
MOTU25,14534fa53d52a599843bdb278e8f19aa,CTGTAATTGTGGTCCATATTTAGTTTTTTATGGGGTTTGATGTGTTTTGGAGGTTTATTTTGCTCCAAGGTTGCCCCAACCAACTTGAGGTAGCTTGTTTAATTGTTTTAGGAAAAATAAAGTTACAAGGAGTTCC,18035,0.289,1490,0.211,Fusconaia flava,–,–,MALE,88.64,96.00,4E-42,,Only female mitotype MOTUs were used in community analysis
MOTU32,1bd41d1d41ded87e4d738bf9e8d93b78,CTGCTATTGTGGTCCATATCAAGTTTTGTATGGTAATTAGTTATTGCTTGTGGAGGTTGGTTTTGCTCCATGGTTGCCCCAACCGACCTGGGTGGCTGTTTAGTTGTGTTGTGCAACTATGTTGGTACAGGGAGTTCC,10365,0.166,1745,0.248,Quadrula quadrula,–,–,MALE,90.65,100.00,2E-49,,Only female mitotype MOTUs were used in community analysis
MOTU35,b2a37e84d6ffad20b5c83b76acc41114,CTGCGATTGTGGTCCGTATCAAGTTTTGTATAATTTACTGTATAAGTTGGAAGTTGAAGTTGTTCCATGGTTGCCCCAACCAACCTGGTTATCTTTAATATTCTGTATTATTGAGGTAAAGGTTCAGGAAGTTCC,6282,0.101,735,0.104,Lampsilis siliquoidea,Lampsilis radiata,–,MALE,99.26,100.00,1E-67,Lampsilis siliquoidea is known to be in the sample region and was surveyed with the conventional survey.,Only female mitotype MOTUs were used in community analysis
MOTU30,073d2d8abcc10199f53e0725b37f248c,CTGCAATTGTGGTCCACATCAAGTTTTGTATGGTTTACTGAGTAAATTGGAAGTTGAAGTTGTTCCATGGTTGCCCCAACCAACCTGATTAGCTTATGTTCTGTGTTTAGGAAGTAAAGGTTCAGGGAGTTCC,4015,0.064,703,0.100,Lampsilis siliquoidea,Lampsilis radiata,–,MALE,86.67,100.00,8E-39,,Only female mitotype MOTUs were used in community analysis
MOTU31,95470744498cca69094d37212196e5b1,CTGTAAATATGGTCCATATGAAGTTTTGTATGGAGTTTTTTAGAGAATGGAGGTTTGTTTTGCTCCAAGGTTGCCCCAACCAACCAGTTAGCCTTAAGCAAAAATATTATCTATGTAATAAGGTTTTAAGGAAGTTCC,3810,0.061,582,0.083,Lasmigona costata,–,–,MALE,100.00,100.00,6E-64,,Only female mitotype MOTUs were used in community analysis
MOTU33,c8af53a71c47cb9ba9632a4bafd26bba,CTGTAATTGTGGTCCATATTAAGTTCTTTATATGGTTTGATTTGTAGGTGGAGGTTTATTTTGCTCCAAGGTTGCCCCAACCAACTTGAGATGGCTTGTTTAATTGTTTGTGCAAAAATAAAGGTACAAGGAGTTCC,3447,0.055,418,0.059,Fusconaia flava,–,–,MALE,88.06,96.00,5E-41,,Only female mitotype MOTUs were used in community analysis
MOTU36,d8ff6bc016d5cae1abad7b9e30aec56d,CTACAAATATAGTCCATATCTAGTTTTGTATAGAATATTTTAATTAATGGAGGTTTGTGTTGCTCCAAGGTTGCCCCAACCAACCAGTTAGCCTTAAGCAAAACTTTTGTATATGTAATAAAGCTTTAAGGAAGTTCC,1387,0.022,73,0.010,Anodonta anatina,–,–,MALE,89.05,97.00,3E-37,,Only female mitotype MOTUs were used in community analysis
MOTU37,aafab68789c272b985f06752f386cad1,CTGCAAATATATTCCACAATAAGTTTTGTAAAAGATTTTTTAGAAGATGGAGGTTTGTGTTGCTCCAAGGTTGCCCCAACCAACCAGTTGACTTTAAGTATAAGTTTTATTTATATAGTAAAGCCTTAAGGAAGTTCC,1225,0.020,255,0.036,Pyganodon grandis,–,–,MALE,88.41,100.00,2E-44,,Only female mitotype MOTUs were used in community analysis
,,,,,,,,,,,,,,,
,,,,,,,,,,,,,,,
,,,,,,,,,,,,,,,
